{"placements":[{"x":1248.000000000000000,"y":1567.000000000000000},{"x":1258.000000000000000,"y":1567.000000000000000}]}
