{"placements":[{"x":1734.000000000000000,"y":1172.000000000000000},{"x":1744.000000000000000,"y":1172.000000000000000}]}
