{"placements":[{"x":448.1404761904762,"y":1174.0897435897436},{"x":498.2595238095238,"y":1206.5}]}