{"placements":[{"x":1737.181717745657,"y":1172.0},{"x":1747.1858442262626,"y":1172.0}],"volumes":[10.0,10.0]}