{"placements":[{"x":1736.636676072745,"y":1172.0},{"x":1746.6717840686483,"y":1172.0}],"volumes":[10.0,10.0]}