{"placements":[{"x":1742.1952662721892,"y":1167.0},{"x":1732.171597633136,"y":1167.0}]}