{"placements":[{"x":1732.807903173998,"y":1172.0},{"x":1195.9779303418816,"y":1567.0}]}