{"placements":[{"x":1754.2080185945847,"y":1172.0000000947473},{"x":1300.1098211533579,"y":1566.9999999412296}]}