{"placements":[{"x":980.9047619047619,"y":1238.3974358974358},{"x":1482.095238095238,"y":1562.5}]}