{"placements":[{"x":1736.6095744594795,"y":1172.0},{"x":1746.6100218973515,"y":1172.0}],"volumes":[10.0,10.0]}