{"placements":[{"x":1736.4014802037266,"y":1172.0},{"x":1746.5082093336287,"y":1172.0}],"volumes":[10.0,10.0]}
