{"placements":[{"x":1736.6103691782055,"y":1172.0},{"x":1746.708434911137,"y":1172.0}],"volumes":[10.0,10.0]}
