{"placements":[{"x":1736.2956265476953,"y":1172.0},{"x":1746.3053883698146,"y":1172.0}],"volumes":[10.0,10.0]}