{"placements":[{"x":1736.2517657927067,"y":1172.0},{"x":1746.2687651083959,"y":1172.0}],"volumes":[10.0,10.0]}