{"placements":[{"x":1736.636676072745,"y":1172},{"x":1746.636755270596,"y":1172.000386381705}],"volumes":[10,10]}
