{"placements":[{"x":1736.295626547695,"y":1172},{"x":1746.297312989847,"y":1172.000030244298}],"volumes":[10,10]}
