{"placements":[{"x":1736.3755874941635,"y":1172.0},{"x":1746.4738968080533,"y":1172.0}],"volumes":[10.0,10.0]}
