{"placements":[{"x":1264.000000000000000,"y":3234.000000000000000},{"x":1264.000000000000000,"y":2484.000000000000000},{"x":1264.000000000000000,"y":3224.000000000000000}]}
