{"placements":[{"x":1264.0,"y":3223.284090909091},{"x":1264.0,"y":2485.818181818182},{"x":1264.0,"y":3233.3863636363635}],"volumes":[10.0,10.0,10.0]}