{"placements":[{"x":1264.0,"y":3237.1698980526426},{"x":1264.0,"y":2486.157391911212},{"x":1263.9890182921213,"y":3224.6688571358445}],"volumes":[10.0,10.0,10.0]}