{"placements":[{"x":1263.9999999334973,"y":3246.896794875809},{"x":1263.9999999944016,"y":2459.0469744720303},{"x":1263.9999999834395,"y":2688.810794231356}]}