{"placements":[{"x":1264.0,"y":3238.352060151908},{"x":1264.0,"y":2486.142440171501},{"x":1263.99257903613,"y":3223.3657513238686}],"volumes":[10.0,10.0,10.0]}
