{"placements":[{"x":1263.9960091458313,"y":3231.407524393014},{"x":1264.0,"y":2486.833432949234},{"x":1264.0,"y":3242.9410742513155}],"volumes":[10.0,10.0,10.0]}