{"placements":[{"x":1264.0,"y":3233.175818254528},{"x":1264.0,"y":2486.0182043966465},{"x":1264.0,"y":3243.2443601179775}],"volumes":[10.0,10.0,10.0]}