{"placements":[{"x":1264.0,"y":3240.288845438679},{"x":1264.0,"y":2486.1577790153087},{"x":1263.995709226659,"y":3225.3184552185053}],"volumes":[10.0,10.0,10.0]}