{"placements":[{"x":1112.9117647058824,"y":3026.840909090909},{"x":1144.3235294117646,"y":2521.7272727272725},{"x":1123.3823529411766,"y":2531.8295454545455}]}