{"placements":[{"x":1084.1411764705883,"y":2462.634090909091},{"x":1087.2823529411764,"y":2412.1227272727274},{"x":1085.1882352941177,"y":2413.1329545454546}]}