{"placements":[{"x":1263.997740052049,"y":3233.4503017059114},{"x":1264.0,"y":2486.1638750425113},{"x":1264.0,"y":3243.736604789848}],"volumes":[10.0,10.0,10.0]}