{"placements":[{"x":1264.0,"y":3239.866480153919},{"x":1264.0,"y":2486.163662373814},{"x":1263.9767842681006,"y":3224.839745048502}],"volumes":[10.0,10.0,10.0]}
