{"placements":[{"x":1264,"y":3223.165382775844},{"x":1263.999999999999,"y":2485.839302606135},{"x":1264,"y":3247.966363366316}],"volumes":[10,10,10]}
