{"placements":[{"x":1086.0,"y":2553.765828939886},{"x":1264.0,"y":2477.4031611377295},{"x":1086.0,"y":2645.0768211622803}]}