{"placements":[{"x":1263.9933849477386,"y":3230.544261539752},{"x":1264.0,"y":2485.818181818182},{"x":1264.0,"y":3242.0753264432383}],"volumes":[10.0,10.0,10.0]}