{"placements":[{"x":1264.0,"y":3239.499874362754},{"x":1264.0,"y":2485.907719143044},{"x":1263.9507443061602,"y":3227.0652514394023}],"volumes":[10.0,10.0,10.0]}
