{"placements":[{"x":1269.0,"y":3228.2921348314608},{"x":1269.0,"y":2490.9101123595506},{"x":1269.0,"y":3238.393258426966}]}