{"placements":[{"x":1264.0,"y":3240.6708715282175},{"x":1264.0,"y":2485.9620757143034},{"x":1263.9995714445797,"y":3225.7109044284543}],"volumes":[10.0,10.0,10.0]}